<?xml version="1.0" encoding="utf-8" standalone="yes"?>
<Root>
  <DX9>
    <StructureAddress>15517D0</StructureAddress>
    <ZoomCurrent>F8</ZoomCurrent>
    <ZoomMax>100</ZoomMax>
    <FovCurrent>104</FovCurrent>
    <FovMax>10C</FovMax>
  </DX9>
  <DX11>
    <StructureAddress>15517D0</StructureAddress>
    <ZoomCurrent>108</ZoomCurrent>
    <ZoomMax>110</ZoomMax>
    <FovCurrent>114</FovCurrent>
    <FovMax>118</FovMax>
  </DX11>
  <LastUpdate>2016-04-20 - patch 3.26 (DX9)</LastUpdate>
</Root>
